兵科,武器名,平均攻撃力,最小攻撃力,最大攻撃力,発射数,貫通,射程,初弾精度_静射,初弾精度_蹲射,初弾精度_動射,初弾精度_飛射,AIM初弾精度_静射,AIM初弾精度_蹲射,AIM初弾精度_動射,AIM初弾精度_飛射,連射精度_静射,連射精度_蹲射,連射精度_動射,連射精度_飛射,AIM連射精度_静射,AIM連射精度_蹲射,AIM連射精度_動射,AIM連射精度_飛射,反動抑制_静射,反動抑制_蹲射,反動抑制_動射,反動抑制_飛射,AIM反動抑制_静射,AIM反動抑制_蹲射,AIM反動抑制_動射,AIM反動抑制_飛射,連射,弾数,機動,スプレッド回復速度,装着時間
PM,MP5A3 ,33.5,31,36,1,0,44.7,76.7,82.5,74.3,71.7,79.1,84.4,70.5,67.2,69.6,76.6,67.6,63.8,75,81.1,63.7,59.3,84.1,87.3,80.9,76.1,84.1,87.3,75.2,69,11.36,25,90.1,0.9,1.03
PM,Uzi ,0,0,0,1,0,0,0,0,0,0,0,0,0,0,0,0,0,0,0,0,0,0,0,0,0,0,0,0,0,0,0,0,0,0,0
PM,BizonPP-19 MK.2 ,34.5,32,37,1,0,42.4,78.7,84.1,74.7,72.5,0,0,0,0,74,80.3,69.5,67.1,0,0,0,0,87.8,90.2,85.3,81.6,0,0,0,0,9.09,64,90.1,1.1,1.03
PM,MP5K Rail MK.2 ,33.5,31,36,1,0,42.4,81.5,0,0,0,0,0,0,0,80.5,0,0,0,0,0,0,0,88.6,0,0,0,0,0,0,0,12.12,30,91.9,0,0
PM,UMP45 ,37.5,37.5,37.5,1,15,47.2,79.4,82,76.3,76.1,82.3,84.7,75.3,74.9,75.4,78.3,71.9,71.3,81,83.5,72.4,71.9,79.7,83.8,75.7,69.6,80.7,84.8,69.4,62.7,10.53,25,91.9,1.2,1.03
PM,P90 TR MK.2 ,30,30,30,1,0,43.6,84.8,0,0,0,0,0,0,0,82.5,0,0,0,0,0,0,0,88.1,0,0,0,0,0,0,0,11.9,50,90.1,0,0
PM,AKS-74U ,40,40,40,1,35,47.2,80.5,82,78.4,68.4,0,0,0,0,65.1,661,60.2,48.1,0,0,0,0,71.8,79.4,66.1,57.7,0,0,0,0,10.64,30,88.4,0,0
PM,KBP PP2000 ,33,33,33,1,0,40.5,80.5,83,77.5,77.4,83.3,85.5,77.5,77.3,75.4,78.3,71.9,71.3,81.6,84,73.7,73.3,80.6,85.1,76.4,69.1,79.2,83.5,69.2,65,10.53,44,93.6,0.4,0.83
PM,SG552 RIS ,35,35,35,1,28,49.8,78.2,80.9,75,61.3,89.3,91.7,72.8,64,72.9,76,69.2,57.1,87.2,89.8,69.2,61,75.8,80.6,71.3,63.7,76.8,81.4,62.7,52.8,11.11,30,87.7,0,0
PM,Kriss Super V ,37.5,37.5,37.5,1,15,41.3,77,78.8,70.6,67.5,78.9,80.6,69.2,65.9,76.8,78.5,69.5,66.3,78.8,80.5,68.5,65.1,89.8,91.9,86.5,84.7,89.8,91.9,82.4,80.2,12.5,13,90.1,1.8,1.3
PM,M4 Spectre ,34.5,34.5,34.5,1,15,46,77.3,83,73.1,70.8,0,0,0,0,70.8,77.6,65.9,83.3,0,0,0,0,81.5,85.2,77.8,72.3,0,0,0,0,10.99,50,91.9,0.8,1.13
PM,K1A1 Rail ,35,35,35,1,28,49.8,81.9,81.9,79,75,85.1,85.1,73.9,69.3,73.7,73.7,70,65.1,82.1,82.1,68.1,63,93.2,94.3,91.1,89.7,94.2,95.3,89.4,87.7,10.87,30,88.4,0.35,1.26
PM,MP7A1 ,29,29,29,1,50,42.4,78.1,79.9,74.6,69.6,0,0,0,0,72.7,74.8,70.1,63.3,0,0,0,0,87.5,88.8,85,81.3,0,0,0,0,12.99,40,93.6,0.4,1.03
PM,SR-2M Veresk ,35,35,35,1,65,39.2,79.9,80.4,75.5,73.3,82,82.4,71,68.2,68.9,70.3,61.6,58.1,75.7,76.7,57.2,53.4,80.2,80.2,76.3,70.3,80.2,80.2,69.1,61.4,12.5,20,93.6,0.4,0.83
PM,MP5SD5 ,34.5,34.5,34.5,1,0,38.1,84.8,0,0,0,0,0,0,0,82.5,0,0,0,0,0,0,0,89.8,0,0,0,0,0,0,0,12.35,30,90.1,0,0
PM,Galil MAR ,32,32,32,1,28,42.4,81.3,85.2,79.1,65,89.3,91.7,72.8,64,71.6,74.6,67.7,54.8,87.2,89.8,69.2,61,90.8,92.8,87.6,85.6,79.2,83.4,66.6,57.7,12.5,35,91.9,0,0
PM,Calico M950 ,35.5,33,38,1,0,43.6,81.4,86.5,76.8,61.9,88.7,93.8,83.7,69.1,79,84.5,74.1,60.6,87.9,93.2,82.5,66,90,91.6,87.8,83.9,87.4,89.5,89.3,83.2,12.05,50,88.4,2,1.3
PM,AUG A2 Commando ,32,32,32,1,0,44.7,82,0,0,0,0,0,0,0,70.4,0,0,0,0,0,0,0,89.6,0,0,0,0,0,0,0,11.63,30,89.4,0,0
PM,SR-3M Vikhr ,40.3,40.3,40.3,1,43,33.4,83.6,86.5,80.7,66.8,0,0,0,0,74.1,77.4,70.8,51.9,0,0,0,0,86.5,88.5,85.7,80.4,0,0,0,0,12.2,30,91.9,0.5,1.03
PM,CZ Scorpion EVO3 ,31.5,29,34,1,0,44.7,81.8,83.6,77.9,75,81.3,83.7,74.3,73.9,77,78.9,73,69,80,82.5,71.4,70.9,89.4,89.9,86.8,82.5,88,89.2,82.7,76.7,14.29,30,93.6,0,0
PM,Uzi MOD 0 ,32,32,32,1,15,44.7,87.2,86.4,86.4,71.6,82,82.4,72.7,69.1,71.5,70.9,70.9,54,78.8,79.4,65.9,61.3,82.3,82.3,80.5,74.8,82.3,82.3,73.7,69,13.89,25,92.9,0.3,0.83
PM,MP5K MOD 0 ,34.5,32,37,1,0,43.6,81.5,84.5,77.3,76,83,85.9,76.1,74.8,80.5,83.5,73,71.8,82.6,85.4,72,70.8,90.6,92.5,87.3,85.9,90.6,92.5,83.5,81.6,12.5,30,91.9,0.7,0.83
PM,OA-93 ,34,31,37,1,50,38.1,82.1,84.1,79.3,73.3,84.5,86.5,81.7,76.3,78.4,80.7,75.2,68.5,83.9,86,80.8,75.2,86.8,88.8,84.2,80.2,89.5,91.1,87.4,84.2,11.9,30,93.6,0.4,0.83
PM,SG556 Commando ,37,37,37,1,28,49.8,78.2,80.9,75,61.3,90.3,92.7,73.8,65,72.9,76,69.2,57.1,88.2,90.8,70.2,62,79.6,83.7,75.7,69.4,81.2,85.1,69.5,61.3,11.36,30,88.4,0.3,1.1
PM,UMP45 MOD 0 ,39.5,39.5,39.5,1,0,49,79.4,0,0,0,0,0,0,0,75.4,0,0,0,0,0,0,0,79,0,0,0,0,0,0,0,11.11,25,91.9,0,0
PM,AKS-74U MOD 0 ,39,36,42,1,35,47.2,68.8,74.6,65.3,55,0,0,0,0,67.9,73.5,61.3,51.6,0,0,0,0,81.1,85.9,76.7,59.9,0,0,0,0,11.76,30,88.4,0.5,1.26
PM,MK.18 MOD 0 ,35,32,38,1,28,36.2,67.5,67.5,62.7,30.8,0,0,0,0,67.5,67.5,62.7,30.8,0,0,0,0,95.4,96.3,94.1,90.5,0,0,0,0,11.76,30,90.1,0.5,1.26
PM,MAGPUL PDR ,38,35,41,1,28,34.3,81.8,81.9,81.5,77.9,0,0,0,0,80,80.3,79.3,75,0,0,0,0,92.9,94.3,91.4,83.4,0,0,0,0,11.11,40,93.6,0.4,0.83
PM,KAC PDW ,36,36,36,1,28,38.5,79.5,81.2,75.7,75.7,80.3,81.9,75,66.6,72.6,74.6,70,70,77.8,79.5,70.2,61.1,95.6,96.7,95.4,91.3,90.1,91.3,89.1,84.5,12.2,30,93.6,0.35,1.03
PM,KRISS Vector ,38.5,35,42,1,15,42.4,77.5,79.3,72,69.6,79,80.6,69.9,66.7,77.2,79,70.8,68.3,78.8,80.5,68.5,65.1,91.8,92.2,87.4,85.1,89.5,91.6,81.8,79.5,12.5,35,90.1,0.35,1.1
PM,AR-57 ,36,35,37,1,35,36.2,81.8,81.9,81.5,77.9,0,0,0,0,77.5,78.1,76.3,71,0,0,0,0,93.2,94.5,91.7,84,0,0,0,0,11.9,50,90.8,0.8,1.16
PM,X95R ,39,39,39,1,35,45.1,80.5,82.6,76.3,68,84.5,86.5,81.7,76.3,74.9,77.3,70.3,61.5,83.9,86,80.8,75.2,82.9,84.8,80.2,75.8,83.3,85.8,80.8,76.2,11.76,30,92.9,0.5,0.9
PM,PPSh41 ,34,31,37,1,30,39.2,81.9,81.9,79,75,0,0,0,0,73.7,73.7,70,65.1,0,0,0,0,93.2,94.3,91.1,89.7,0,0,0,0,11.63,71,86.7,0.35,1.26
PM,L2A3 ,35,35,35,1,30,39.2,84.8,87.3,80.4,70.8,0,0,0,0,82.5,85.2,69.8,62.5,0,0,0,0,88.3,89.4,85.9,82.4,0,0,0,0,10.99,32,86.7,0.35,1.26
PM,MP40 ,47.5,45,50,1,0,30.1,77,78.8,70.6,67.5,0,0,0,0,76.8,78.5,69.5,66.3,0,0,0,0,89.8,91.9,86.5,84.7,0,0,0,0,11.76,32,90.1,1.8,1.26
PM,M1A1 Thompson ,36.5,36.5,36.5,1,15,41.3,79.4,82,76.3,76.3,81.3,83.7,74.3,73.9,75.4,78.3,71.9,71.9,80,82.5,71.4,70.9,89.7,91.3,86.1,90.8,89.1,91.3,81.2,79.9,10.87,30,90.1,1.2,0.83
PM,Dual TMP ,26,26,26,1,0,39.2,74.8,79.5,71.5,66.8,0,0,0,0,68,74.2,64.3,60.1,0,0,0,0,88.5,91.8,85.9,71,0,0,0,0,11.76,50,91.2,1.4,1.03
PM,Kriss Humble V ,42.5,42.5,42.5,1,15,44.7,77.2,79,71.2,68.2,78.9,80.6,69.2,65.9,77.1,78.8,70.5,67.4,78.8,80.5,68.5,65.1,91.7,92.7,88,83.6,89,91.2,81,78.6,12.82,30,92.9,1.6,1.3
PM,Thompson M1921 ,40.5,40.5,40.5,1,15,42.4,81.8,85.1,80,52.4,0,0,0,0,70.9,75.6,68.5,44.4,0,0,0,0,88.9,91.1,85.3,83.4,0,0,0,0,12.5,50,86.7,0.5,1.26
PM,Uzi Raven ,33,33,33,1,15,46.8,87.2,86.4,86.4,71.6,82,82.4,72.7,69.1,71.5,70.9,70.9,54,78.8,79.4,65.9,61.3,84.1,82.3,82,74.8,82.3,82.3,73.7,69,13.89,25,92.9,0.3,0.83
PM,KBP PP2000 Galaxy ,40.5,40.5,40.5,1,0,45.4,82.1,84.1,79.3,73.3,84.5,86.5,81.7,76.3,78.4,80.7,75.2,68.5,83.9,86,80.8,75.2,86,88.2,83.2,79,88.9,90.6,86.6,83.2,11.76,25,93.6,0.4,0.83
PM,SR-3M Kirin ,42.3,42.3,42.3,1,43,33.4,84.5,87.2,79.1,75.1,0,0,0,0,77,79.5,71.9,65.8,0,0,0,0,87.3,89.1,86.1,80.4,0,0,0,0,12.5,30,91.9,0.35,1.03
PM,MP38/40 ,47.5,47.5,47.5,1,0,42.4,77,78.8,70.6,67.5,78.9,80.6,69.2,65.9,76.8,78.5,69.5,66.3,78.8,80.5,68.5,65.1,89.8,91.9,86.5,84.7,89.8,91.9,82.4,80.2,12.5,32,90.1,0,0
PM,MP5K Vespa ,38,38,38,1,15,47,81.5,84.5,77.3,76,83,85.9,76.1,71.8,80.5,83.5,73,71.8,82.6,85.4,72,70.8,89.3,90.4,87.2,81.9,89,91.2,81.8,78.6,12.5,30,93.6,0.5,0.83
PM,Galil MAR Chromenon ,38.9,38,41,1,28,46,81.3,85.2,79.1,64.9,0,0,0,0,70.2,73.1,66.1,53.4,0,0,0,0,88.4,89.1,86,81.2,0,0,0,0,12.5,35,92.6,0.35,1.2
PM,Desert Scorpion ,39,39,39,1,15,44.5,81.8,83.6,77.9,75,81.3,83.7,74.3,73.9,77,78.9,73,69,80,82.5,71.4,70.9,89.4,90.4,87.8,82.8,88.2,89.4,83,77,14.29,30,93.6,0,0
PM,SR-2M Dragoon ,36,32,40,1,65,39.2,80,80.4,75.6,73.4,82,82.4,71,68.2,72.2,73.3,65.6,62.4,75.7,76.7,57.2,53.4,81.7,81.7,78.1,72.6,81.7,81.7,71.5,64.4,13.7,33,93.6,0.35,0.83
PM,P90 Harimau ,34,34,34,1,35,39.2,87.4,87.5,86.2,70.9,86.2,88.6,76.7,67.9,85.4,85.7,81.4,62.7,85.5,87.9,69.9,62.6,95.7,96.5,92.6,90.7,95.4,96.3,89.9,88,11.76,50,90.1,0.8,0.83
PM,Bizon Arachne ,34.5,34.5,34.5,1,0,44.7,87.7,99,82.1,79.8,0,0,0,0,79.9,89.9,75.2,66.3,0,0,0,0,92.4,93.9,88.9,83.3,0,0,0,0,10.7,64,90.1,0.45,1.03
PM,AKS74U Desmodus ,40,37,43,1,35,47.2,79.9,81.4,77.8,67.5,0,0,0,0,67.7,68.8,63.2,51.1,0,0,0,0,87.1,88.6,85.9,79.4,0,0,0,0,11.9,30,90.1,0.2,1.26
PM,Kriss Houou ,37.5,37.5,37.5,1,15,44.7,75.7,77.7,70,66.5,78.9,80.6,69.2,65.9,75.5,77.4,68.9,65.3,78.8,80.5,68.5,65.1,89.8,91.9,86.5,84.7,94.2,96.2,87.2,84.6,12.5,30,90.1,1.5,1.3
PM,Dual UZI ,22.4,22.4,22.4,1,0,39.2,83.7,85.2,76.9,70.5,0,0,0,0,76.6,78.9,69.1,63.7,0,0,0,0,89.7,92.3,87.4,73,0,0,0,0,12.35,50,90.1,0.9,1.03
PM,MP7A1 Bahamut ,34,32,36,1,50,37.1,78.1,79.9,74.2,69.6,81.5,81.5,63.3,73.8,71.2,73.3,68,61.6,81.3,81.3,62.9,73.2,89.3,90.4,87.2,81.9,80.6,90,85.4,78.4,14.29,40,93.6,0.4,1.03
PM,Mach Turtle ,36,36,36,1,28,49.8,81.9,81.9,79,75,84.1,84.1,72.9,68.3,73.7,73.7,70,65.1,81.1,81.1,67.1,62,94,95,92.2,91,94,95,89.9,88.3,11.11,30,90.1,0.35,1.26
PM,Spectre Tauben ,36.5,36.5,36.5,1,15,46,78.2,83.7,74.1,71.9,0,0,0,0,71.5,78.2,66.7,64.1,0,0,0,0,89.7,90.6,87.4,82.2,0,0,0,0,10.99,50,91.9,0,0
PM,Remington 870 ,41.5,40,43,8,0,21.4,56.8,56.8,56.8,56.8,61.9,61.9,61.9,41.5,0,21.4,56.8,0,0,0,0,0,21.5,37.2,5.8,0,21.5,37.2,5.8,0,1.25,7,81.5,0.7,1.2
PM,SPAS-12 ,40.5,40.5,40.5,0,0,22,55.1,55.1,55.1,55.1,59.5,59.5,59.5,59.5,44.7,44.7,44.7,44.7,47.6,47.6,47.6,47.6,0,0,0,0,0,0,0,0,2.5,5,79.7,0.6,1.4
PM,Saiga12 ,38.5,37,40,8,0,22,56.8,56.8,56.8,56.8,61.9,61.9,61.9,61.9,0,0,0,0,0,0,0,0,23.3,38.7,8,0,8.6,26.9,0,0,2.54,6,81.5,0.65,1.5
PM,FN TPS ,44.5,43,46,8,0,25.1,56.8,56.8,56.8,56.8,61.9,61.9,61.9,61.9,0,0,0,0,0,0,0,44.5,27.2,41.7,12.6,0,13.2,30.5,0,0,1.67,5,81.5,0.6,1.3
PM,SPAS-15 ,34.5,33,36,8,0,19.3,69.4,69.4,65.3,52.6,69.9,69.9,66.8,57.7,61,61,57.9,47.6,61.4,61.4,59,51.8,29.7,43.8,17.2,4.9,29.9,43.8,17.2,4.9,2.63,6,83.2,0.87,1.43
PM,Striker 12 ,33.5,32,35,8,0,23.2,68.9,68.9,55.8,55.1,78,78,68.9,57.7,62.5,62.5,45.7,50.6,71.1,71.1,60.6,51.8,35.5,48.5,23.7,0,38,49,28.1,0,2.22,12,81.5,0.85,1.4
PM,Neostead 2000 ,31.5,30,33,0,0,22,59.8,69.6,59.3,41.9,85.7,90.5,77.4,59.6,52.8,60.3,49.8,35.9,78.2,84,68.9,52.6,38.6,50,32.7,4,45.3,57.2,37.5,14.7,2,6,86.2,0.7,1.4
PM,SPAS-12 MOD 0 ,40.8,38.9,43,8,0,23.8,61.2,62,57.6,47,67.2,67.2,67.2,67.2,51.7,52.3,49.1,40.7,56.6,56.6,56.6,56.6,0,12,0,0,0,18.3,0,0,2.5,5,81.5,0.5,1.3
PM,KEL-TEC KSG ,41.5,40,43,8,0,20.3,63.9,63.9,62.5,58.4,73.1,73.1,71.4,66.1,0,0,0,0,0,0,0,0,48.8,54.8,38.3,7.2,29.1,44.8,20.9,1.1,2.38,7,83.2,0.5,1.4
PM,Benelli M1014 ,42.5,41,44,8,0,20.3,58.4,58.4,58.4,58.4,69.9,69.9,69.9,69.9,51.1,51.1,51.1,51.1,59.6,59.6,59.6,59.6,0,0,0,0,0,0,0,0,2,6,83.2,0.45,1.3
PM,Remington Blue Skull ,43.5,42,45,8,0,30.1,63.9,63.9,62.5,58.4,66,66,66,66,0,0,0,0,0,0,0,0,21.5,37.2,5.8,0,21.5,37.2,5.8,0,1.82,7,81.5,0.7,1.2
PM,M1897 Trench Gun ,42.5,41,44,8,0,20.3,69.4,69.4,65.3,30.8,0,0,0,0,61,61,57.9,28.6,0,0,0,0,30.3,44.2,16.3,0,0,0,0,0,2,5,76.3,1.3,1.26
PM,Saiga Lion ,39.6,38,42,8,0,26.4,56.8,56.8,56.8,56.8,61.9,61.9,61.9,61.9,0,0,0,0,0,0,0,0,23.3,38.7,8,0,8.6,26.9,0,0,2.54,6,81.5,0.68,1.5
PM,D.Defense 10ga. ,71.5,70,73,8,0,23.8,55.8,59.5,50.9,41.4,61.6,66.2,55.8,46.9,45.9,49.8,41.2,32.2,52,56.9,45.9,37.3,0,11.9,0,0,0,17.5,0,0,1,2,81.5,1.1,1.5
PM,SPAS-12 MOD 0 Catena ,42.8,40.9,45,9,0,24.4,61.2,62,57.6,47,71.8,71.8,71.8,71.8,51.7,52.3,49.1,40.7,59.8,59.8,59.8,59.8,0,12,0,0,0,18.3,0,0,2.5,5,81.5,0.5,1.3
RM,G3A3 ,34,30,38,1,65,61.7,89.1,90.9,74.7,57.4,91.2,92.6,60.5,40.5,79.5,83.7,59.1,39.1,87.6,89.9,52.2,32.5,69.1,74.5,66,40,69.1,74.5,56.1,23.2,9.57,25,94.3,0.7,1.16
RM,M16A2 ,34,34,34,0,28,63.4,87.5,88.5,75.6,58.1,89,89.8,70.3,51.6,81.6,83.3,66.1,46.9,87.1,88.2,64.6,45.2,78.5,81.3,76.1,57,78.5,81.3,69,44.1,9.88,30,94.3,1.1,1.16
RM,G36 Rail ,36,33,39,1,28,61.7,86.7,88.6,76.5,49.6,88.2,89.9,71.8,43.8,81.3,83.2,66.8,38.1,85.9,87.7,64.3,35.6,71.7,78.6,67.7,48.7,71.7,78.6,59.8,34.6,10.1,30,93.5,1.3,1.2
RM,FA-MAS G2 ,0,0,0,1,0,0,0,0,0,0,0,0,0,0,0,0,0,0,0,0,0,0,0,0,0,0,0,0,0,0,0,0,0,0,0
RM,AK-74M ,41,38,44,1,35,61.7,90.6,94,78.5,60.2,93.2,95.7,68.8,48.2,79,86.1,59,38,88.7,92.8,56.6,35.8,66.6,72.9,56.6,33.1,73.1,80.3,43.5,13.5,8.93,30,94.3,0.55,1.36
RM,AUG-A3 ,35,35,35,1,0,68.7,91.9,0,0,0,0,0,0,0,79.7,0,0,0,0,0,0,0,75.5,0,0,0,0,0,0,0,10,30,93.5,0,0
RM,AN-94 ,40,40,40,1,35,63.4,93.1,96.5,84,69.1,94.6,97.3,73.5,52.4,80.7,89.3,64.3,40.9,90.2,94.9,61.9,38.4,68.1,75.5,64.9,36.3,68.1,75.5,54.4,17.2,9.09,30,92.4,1.5,1.36
RM,TAR-21 ,33,33,33,1,0,61.7,85.8,0,0,0,0,0,0,0,76.1,0,0,0,0,0,0,0,78.2,0,0,0,0,0,0,0,10.42,30,95,0,0
RM,SG550 ,40,40,40,1,28,65.1,82.3,87.3,72.7,59.3,98.2,99.1,79.2,45.2,64.8,76.3,49.3,30.1,91.6,95.7,66.7,33,77.5,84.3,68.5,55,82.6,84.8,59.1,41.9,9.57,30,94.3,0.32,1.26
RM,AK47 MK.2 ,45,45,45,1,30,61.7,89.2,92.6,78.6,57.5,92.1,94.8,66,42.3,79,82.9,61.6,38.3,87.6,91.9,55.3,32.3,72.5,77.4,69.9,46.4,72.5,77.2,61.5,35,8.26,30,93.5,0,0
RM,M4A1 MK.2 ,32,29,35,1,28,61.7,88.4,89.7,80.6,53.8,89.7,90.9,75.3,48.6,85.4,86.8,72.5,46,88.7,90,70.4,44.1,77.2,77.2,74.6,55.6,77.2,77.2,67.5,42.5,11.11,30,95,0.8,1.03
RM,Sako Rk.95 ,46,46,46,1,30,61.7,86.7,88.6,76.5,49.7,88.2,89.9,71.8,43.8,81.5,83.4,67.1,38.5,86.1,87.8,64.7,36.1,65.2,71.2,61.7,30.8,65.2,71.2,50.1,11.5,9.17,30,93.5,0.35,1.36
RM,L85A2 ,36,36,36,1,28,61.7,88.7,91.9,83.9,66.1,90.7,93.3,74.4,52.1,81.6,86.4,74.6,52.4,86.2,89.9,65.1,41.1,77.1,83.9,74.8,54.2,77.1,83.9,67.2,41.8,9.52,30,86.7,1.8,1.26
RM,M14EBR ,48,48,48,1,65,66.9,93.9,94.7,84.5,67.3,96.1,95.8,73.7,53,51.5,59.9,28.9,14.8,64,687,21,10.3,64.8,71.5,61.3,29.5,75.7,71.5,49.6,10.3,8.47,20,91.3,0,0
RM,FN-FNC ,35,32,38,1,28,63.4,87.5,88.5,75.6,58.1,89,89.8,70.3,51.6,81.6,83.3,66.1,46.9,87.1,88.2,64.6,45.2,76.3,79.5,79.9,52.7,76.3,79.5,81.9,38.7,9.88,30,94.3,1.1,1.13
RM,HK416 ,38,35,41,1,28,63.4,88.4,89.7,80.6,53.8,89.7,90.9,75.3,48.6,85.4,86.8,71.5,46,88.7,90,70.4,44.1,76.8,79.1,69.8,65.2,76.8,79.1,72.8,54.7,10.53,30,94.3,0.6,1.06
RM,RX4-Storm ,0,0,0,1,0,0,0,0,0,0,0,0,0,0,0,0,0,0,0,0,0,0,0,0,0,0,0,0,0,0,0,0,0,0,0
RM,C7A2 ,36,36,36,1,28,63.4,87.5,88.5,75.6,58.1,89,89.8,70.3,51.6,81.6,83.3,66.1,46.9,87.1,88.2,64.6,45.2,78.7,81.5,76.3,57.3,78.7,81.5,69.3,44.5,10,30,94.3,1.1,1.16
RM,SA58 Para ,50,50,50,1,65,60.1,93.9,94.7,84.5,67.3,96.1,95.8,73.7,53,51.5,59.9,28.9,14.8,64,68.7,21,10.3,59.5,67.6,55.5,27,70.1,67.6,53.2,24.2,10,25,90.5,0.65,1.26
RM,Robinson XCR ,37,37,37,1,35,63.4,87.5,88.5,75.6,58.1,89,89.8,70.3,51.6,81.6,83.3,66.1,46.9,87.1,88.2,64.6,45.2,74.6,78.1,78.4,49.3,74.6,78.1,80.6,34.3,9.09,30,96.2,1.3,1.2
RM,SG556 ,39,36,42,1,28,63.6,85.5,90.4,75.2,59.3,100,100.5,81.1,46.2,71.2,84.8,52.1,29,93.8,97.3,68.8,34,85.9,92.6,78.5,69.6,90.7,92.1,74,62.6,10,30,94.3,0.32,1.16
RM,K2 Rail ,36,36,36,1,28,63.4,88.7,89.6,84.9,61,91.1,90.9,81.1,54.4,82.7,84.3,77.3,48.7,89.3,89.2,76.3,47.3,91.5,92.4,89,87.3,92.4,92.8,85.7,83.5,10,30,94.3,0.8,1.16
RM,FN F2000 ,35,35,35,1,28,63.4,85.8,85.3,85.8,68.7,84.2,84.9,82.8,73.3,82.9,84,82.9,67,83.4,84.3,81.1,71.5,90.1,89.6,90.1,85.1,90.1,92.1,82.3,80.7,9.9,30,94.3,0.8,1.2
RM,AK47 Mk.3 ,44,40,48,1,30,61.7,89.9,94.6,79.2,57.5,92.1,94.8,66,42.3,79.2,84.5,71.2,38.3,87.6,91.9,55.3,32.3,80.6,85.5,79.9,72.2,83.3,86.8,80.5,73.9,8.85,30,93.5,0.3,1.36
RM,M4A1 Mk.3 ,34,31,37,1,28,64.3,84.8,87.3,81,56,89.7,90.9,75.3,48.6,78.7,80.2,74.2,50.3,88.7,90,70.4,44.1,90.7,90.5,90.1,86.2,90.1,92.1,83,80.8,10.53,30,95,0.3,1.03
RM,OTs-14 Groza ,37,37,37,1,43,61.7,88.7,89.6,84.9,61,91.1,90.9,81.1,54.4,82.7,84.3,77.3,48.7,89.3,89.2,76.3,47.3,93.7,95.1,92.2,86.8,91.7,92.7,85,83.3,10.1,20,96.2,0,0
RM,AK-107 bis ,37,37,37,1,35,63.4,79.4,83.1,76,58.5,90,91.8,89.1,45.2,51.9,53.5,50.4,42.1,80.8,84.5,80.1,42.8,94.3,96.4,92.6,81.9,95.8,96.4,95,93.5,10,30,94.3,0,0
RM,CR-21 ,33,30,36,1,28,60.9,86.8,93.3,82.1,54.2,87.8,88.5,74.6,58.6,83.8,90.8,76.6,46.9,84.5,85.5,67.1,50.7,86.8,89.4,81.6,59.7,87.2,89.7,79.7,64.5,10.53,30,96.2,0.21,1.03
RM,Remington R4 ,35,35,35,1,28,63.4,91.8,91.8,80.8,50,83.6,91.4,83.6,51.1,86.5,86.5,75.6,37.4,73.3,83.6,73.3,38,86.4,90.7,85.3,74.3,91.8,94.9,86.3,80.4,10,30,95.4,0,0
RM,XM8 ,37.2,37.2,37.2,1,28,66.9,83.2,83.2,73.6,60.8,81.1,82.4,76.4,66.6,75.3,75.3,65.5,54.5,78.2,80,70.9,61.1,90.9,90.5,90.7,84.1,88.6,90.9,80.4,77.7,9.62,30,93.2,0,0
RM,AMD65 ,36.5,36.5,36.5,1,30,63.4,81.6,84.4,79.1,68.9,84.8,85.8,81.4,72.9,75.9,79.2,73.2,57.8,80.9,82.2,77.3,65.2,83.7,85.3,80,71.3,84.4,85.9,80.9,74.2,9.43,30,98.8,0,0
RM,FA-MAS MK.3 ,34.3,34.3,34.3,1,28,56.9,86.2,87.6,84.8,64.3,88.4,89.8,81.9,65.4,82.4,84.5,81,56.6,87.1,88.7,80.3,62.7,86.7,88.1,83.1,82,86.4,88.2,81.5,79.4,13.33,30,94.3,0,0
RM,MG4KE ,41.5,40,43,1,65,66.9,75.8,77.8,68.2,35,0,0,0,0,63.6,67.4,56.3,27,0,0,0,0,91.3,94.3,87.6,22.4,0,0,0,0,10,30,78.9,1.8,1.33
RM,AK200 ,39,35,43,1,30,65.1,81.6,85.2,78.4,57.7,0,0,0,0,60.7,68,54.8,33.3,0,0,0,0,88.5,91.2,86.7,81.5,0,0,0,0,9.52,30,92.4,0.5,1.16
RM,ARX-160 ,33,33,33,1,28,74.5,91.2,92,88.1,60.2,93.2,94.7,88,66.7,81.6,83,78.1,41.1,84.4,88.4,75.7,46.2,87.5,88.3,85.5,78.2,89.2,91.5,83.7,79.5,9.8,30,94.3,0,0
RM,Kel-tec RFB ,47.2,45.1,49.1,1,65,63.4,95.8,96.7,86.3,71.5,96.9,96.8,74.8,54.9,61.7,70.5,39,21.5,70.1,76,26.3,13.3,64.6,70.1,56.3,30.8,74,71.7,57.3,28.4,10,20,99.2,0.89,1.33
RM,M16A4 ,36.5,36.5,36.5,1,28,65.1,87.6,89.7,82.6,61.2,90.5,90,84.6,59.9,78.5,83,73.5,48,87.1,87.1,81,53.8,78.6,81.6,76.1,57.2,82.9,85.3,75.3,55.6,11.76,30,95.4,0.6,1.13
RM,K2 MOD 1 ,36,36,36,1,28,63.4,88.7,89.6,84.9,61,91.1,90.9,81.1,54.4,82.7,84.3,77.3,48.7,89.3,89.2,76.3,47.3,91.5,92.4,89,87.3,92.4,92.8,85.7,83.5,10,30,94.3,0,0
RM,G36KA1 ,37,37,37,1,28,65.1,88.4,90.3,77.9,54.2,89.9,91.9,81.2,58.1,82.8,84.8,70,40.8,87.6,89.6,77.7,51.1,82.8,87.3,79.3,59.8,84.5,88.5,81.4,63.2,10.1,30,93.5,0,0
RM,AN94 MOD 0 ,38,38,38,1,35,66.9,94,95.5,94,69.1,94.6,97.3,73.5,52.4,81.9,86.8,81.9,40.2,90.2,94.9,61.9,38.4,81.1,77.2,62.4,31.9,65.9,73.6,51.1,11.4,9.09,30,92.4,1.15,1.36
RM,L85A2 Rail ,38,38,38,1,28,61.7,88.7,91.9,84,66.2,94.6,96.4,92.2,81.4,82.4,87,75.7,53.8,91.8,94.5,88.3,73.7,78.5,84.9,76.2,60.9,78.5,84.9,71.5,58.2,10,30,86.7,0.9,1.26
RM,M14 DMR ,49,49,49,1,65,66.9,94.4,94.8,84.5,67.3,96.1,95.8,73.7,53,53.2,60.7,28.9,14.8,64,68.7,21,10.3,62.8,70.1,59.1,26.1,74.2,70.1,46.9,8.8,8.47,20,91.3,0,0
RM,SCAR-L ,34,34,34,0,28,65.1,87.2,88,86.1,63.4,83.6,91.4,83.6,51.1,85.5,86.7,83.6,55.1,73.3,83.6,73.3,38,92.8,94.6,91.6,88,96.2,97.7,94.4,92.8,10,30,96.2,0,0
RM,M4A1 ,34,31,37,1,28,69.6,85.7,87.1,84.7,58,89.7,90.9,75.3,48.6,79.3,80.6,78.5,47.7,88.7,90,70.4,44.1,94.6,94.5,94.2,91.9,90.1,92.1,83.3,80.8,10.53,30,95,0.2,1.03
RM,AK47 ,45,41,49,1,30,68.7,89.9,94.6,83.6,57.5,92.1,94.8,66,42.3,79.2,84.5,74.8,38.3,87.6,91.9,55.3,32.3,83,86.3,83,78.4,87,89.8,85.1,80.5,9.09,30,93.5,0.3,1.36
RM,AK-12 ,49,45,53,1,65,63.4,94.2,94.9,95.1,68.4,96.1,95.8,73.7,53,70.9,77,68.8,28.1,64.7,69.4,21.5,10.6,64.9,71.8,62.2,50.9,71,68.4,54.3,26,8.7,30,92.4,0.45,1.26
RM,Stg44 ,40,40,40,1,30,63.4,88.7,91.9,83.9,66.1,90.7,93.3,74.4,52.1,81.6,86.4,74.6,52.4,86.2,89.9,65.1,41.1,74.3,82,71.7,48.6,76.9,83.8,74.5,53.7,9.09,30,88.6,0,0
RM,M2 Carbine ,29,28,30,1,35,80.7,88.4,89.7,80.6,53.8,89.7,90.9,75.3,48.6,85.4,86.8,72.5,46,88.7,90,70.4,44.1,86.4,89.2,84.8,72.8,86.4,89.2,80.2,64.7,10.53,30,99.9,1.5,0.83
RM,M4A1 Chrome Origin ,35,32,38,1,28,58.5,88.4,89.7,80.6,53.8,89.7,90.9,75.3,48.6,85.4,86.8,72.5,46,88.7,90,70.4,44.1,76.8,77.1,73.9,54.2,77.2,77.2,67.5,42.6,11.76,30,95,0.8,1.03
RM,Type89 ,35,35,35,1,28,63.4,83.8,83.7,78.2,66.8,88.3,91.5,84.4,67.1,80,80.2,73,47.4,86.2,89.6,82,66,91.5,91.2,86.3,77.5,91.7,93.8,90,86.8,10.42,30,93.5,0,0
RM,FG42 ,47,47,47,1,65,67.8,96.5,96.1,84.5,72.4,100,100,76.6,69.2,61.3,67,28.9,17.8,83.5,83.7,55.4,47.4,74.5,80.7,72,46.7,82.3,87,78.2,35.4,9.09,20,93.2,0,0
RM,G36 Alligator ,37,37,37,1,28,65.1,90.2,92.4,79.4,59.6,88.2,89.9,71.9,43.8,84.4,86.9,73.3,43.8,85.9,87.7,64.3,35.6,89.3,93.9,86.6,84,67.7,77.1,55.6,28.5,10.2,30,93.5,0.7,1.2
RM,AK-74M Seroja ,40,40,40,1,35,65.1,94.6,0,0,0,0,0,0,0,87.5,0,0,0,0,0,0,0,84.3,0,0,0,0,0,0,0,9.09,30,94.3,0,0
RM,AK-47 Predator ,42,42,42,1,30,63.4,89.9,0,0,0,0,0,0,0,79.2,0,0,0,0,0,0,0,82.7,0,0,0,0,0,0,0,9.17,30,94.3,0,0
RM,Snow Leopard ,34,34,34,1,0,63.4,91,0,0,0,0,0,0,0,85.7,0,0,0,0,0,0,0,86.8,0,0,0,0,0,0,0,10.4,30,94.3,0,0
RM,M16A2 Pristis ,36,36,36,1,28,65.1,88.7,0,0,0,0,0,0,0,86,0,0,0,0,0,0,0,86.4,0,0,0,0,0,0,0,10,30,98.1,0,0
RM,AN-94 Onca ,37.6,37.6,37.6,1,35,66.9,95.8,0,0,0,0,0,0,0,87.4,0,0,0,0,0,0,0,88.8,0,0,0,0,0,0,0,9.26,30,92.4,0,0
RM,M1 Garand ,70.4,67.9,71.9,1,68,55.4,67,73.6,60.1,55.2,90.2,93,90.2,49.8,0,0,0,0,0,0,0,0,95.8,97,95.3,91.6,95.8,97.7,99.7,93.9,9.09,8,93.5,0.9,1.16
RM,TAR-21 Sakura ,35,32,38,1,28,69.6,85.8,86.6,81.9,56.3,87.8,88.5,73.9,47,76.1,77.7,69.3,42.2,84.5,85.5,66.6,39.6,88.3,91.7,85.9,76,80.7,86.5,72.4,49.9,10.42,30,95,0.25,1.16
RM,HK Mjollnir ,37,34,40,1,28,65.1,88.4,0,0,0,0,0,0,0,85.4,0,0,0,0,0,0,0,84,0,0,0,0,0,0,0,10.53,30,94.3,0,0
RM,Arisaka Type 38 Rifle ,108,100,120,1,65,66.9,52.6,59.7,35.7,40.2,100,100,100,100,0,0,0,0,0,0,0,0,90.7,93.3,89.5,81.4,90.7,94.9,99.3,86.4,1,5,93.5,0.9,0.93
RM,L85A2 Antares ,38,38,38,1,28,60.1,88.7,0,0,0,0,0,0,0,81.6,0,0,0,0,0,0,0,90.7,0,0,0,0,0,0,0,9.71,30,86.7,0,0
RM,QBZ97 ,0,0,0,1,0,0,0,0,0,0,0,0,0,0,0,0,0,0,0,0,0,0,0,0,0,0,0,0,0,0,0,0,0,0,0
RM,HK416 Ponyo ,39.8,39,41,1,28,66.9,88.4,0,0,0,0,0,0,0,85.4,0,0,0,0,0,0,0,79.6,0,0,0,0,0,0,0,10.53,30,94.3,0,0
RM,T91 ,35,35,35,1,28,61.7,83.7,83.6,78,65.7,88.3,91.5,84.4,67.1,79.5,79.8,72.4,45.7,86.2,89.6,82,66,88.3,89,83,74.6,91.7,93.8,89.9,86.8,10.64,30,94.3,0,0
RM,AK-47 Glaucos ,36,36,36,1,68,65.1,65.1,0,0,0,0,0,0,0,79.2,0,0,0,0,0,0,0,80.6,0,0,0,0,0,0,0,9.09,30,92.4,0,0
RM,StG44 Jumpmaster ,0,0,0,1,0,0,0,0,0,0,0,0,0,0,0,0,0,0,0,0,0,0,0,0,0,0,0,0,0,0,0,0,0,0,0
RM,Robinson XCR Ignis ,37,36,38,1,45,68.7,87.5,88.5,85.1,58.1,87.5,88.5,75.6,58.1,81.6,83.3,66.1,46.9,81.6,83.3,66.1,46.9,83.7,87,85,71.2,78.4,81.3,81.8,55,9.52,30,96.2,0.55,1.2
RM,G36 Crocodile ,41,38,44,1,28,66.9,90.3,92.2,79.4,61.4,88.2,89.9,71.9,43.8,84.8,86.4,73.3,46.5,85.9,87.7,64.3,35.6,86.6,92.3,81.8,80.6,70.2,75.6,54.6,22.9,10,30,93.5,1,1.2
RM,M4A1 BRONX ,35,32,38,1,28,69.6,84.2,85.7,83.1,57.7,89.7,90.9,75.3,48.6,78,79.4,77.1,47.5,88.7,90,70.4,44.1,94.6,94.5,94.2,91.9,90.1,92.1,83.3,80.8,10.42,30,95,0.2,1.03
RM,MG4KE T-REX ,41.5,40,43,1,65,66.9,75.8,77.8,68.2,35,0,0,0,0,63.6,67.4,56.3,27,0,0,0,0,91.3,94.3,87.6,22.4,0,0,0,0,10,30,78.9,1.8,1.33
RM,M16 VN ,38.7,37,41,1,28,63.4,84.5,85.6,81.1,72.3,93,94,70.3,51.6,80.6,81.9,77.1,64.8,91.1,92.2,64.6,45.2,90,93.9,89,79.8,86.4,86,84.2,53.8,10,20,98.8,0.4,1.16
RM,M14 Battle Ship ,51,47,55,1,65,70.6,95.4,96.2,85.7,68.1,96.1,95.8,73.7,53,52,60.5,29,14.9,64,68.7,21,10.3,62.9,71.6,61,31.2,74.2,70.1,46.9,9.4,8.7,25,91.3,0.4,1.4
RM,Rx4 Medusa ,36.1,35,37,1,28,69.6,90.8,97.1,89.3,42.6,98.2,99.1,79.2,45.2,75.9,87.8,76.4,20.1,91.6,95.7,66.7,33,89.4,92.3,83.2,74.7,87.8,90.6,81.1,68.8,10.53,30,94.3,0.32,1.16
RM,R4 Chester ,36.5,35,39,1,28,66.9,88.2,89.1,79.2,77.5,89.4,90.3,80.2,57,83.2,84,74.2,73.6,84.3,85.1,76.1,38.5,88.1,91.1,89,80.2,91.9,95,88.1,84.7,10.2,30,95.4,0.45,1.26
RM,AK-47 Lion ,44,44,44,1,30,69.6,89.9,94.6,83.6,57.5,92.1,94.8,66,42.3,79.2,84.5,74.8,38.3,87.6,91.9,55.3,32.3,82.3,86.1,82.3,79.7,90.8,92.8,89.4,85.3,9.52,30,94.7,0,0
RM,AK-107 Wolf ,37,37,37,1,35,65.1,71.8,77.8,69.3,57.7,87.2,91.5,85.5,41.6,55.1,63.2,50.2,33.3,79.3,83.7,75.7,39.9,94.3,96.4,92.6,81.9,96.1,96.1,95.8,92.4,10.2,30,94.3,0.5,1.23
RM,OTS-14 White Shark ,37,37,37,1,0,66,90.9,0,0,0,0,0,0,0,86.3,0,0,0,0,0,0,0,93.7,0,0,0,0,0,0,0,10.1,20,96.2,0,0
RM,XM8 Anodizing ,37.2,37.2,37.2,1,28,68.7,90.9,90.9,84,63.7,81.1,82.4,76.4,66.6,78.9,78.9,70.5,49.7,78.2,80,70.9,61.1,90.9,90.5,90.7,84.1,88.6,90.9,80.4,77.7,10,30,93.2,0.7,1.2
RM,M2A1 Carbine ,32,31,33,1,35,70.6,81.1,85.1,80.6,53.8,86,90.7,86.9,47.4,78.9,82.5,72.5,46,84.3,88.8,81.1,39.5,91,92.8,84.5,82.4,90.2,94.3,87.9,86,10.53,30,99.9,0.7,0.83
RM,FA-MAS FELIN ,35.8,34,37,1,28,61.7,86.1,87.5,84.7,64,90.6,93.4,89.8,64.5,67.1,71.1,65.2,34.7,87.2,90.2,85.9,56.1,85.9,86.3,83,78.7,93,93.1,89.5,85.1,13.33,30,93.5,0.5,1.13
RM,SG556 Platin ,40,37,43,1,28,70.6,89.7,91.1,84.7,59.6,99,99.5,80.1,45.2,83.5,86.8,76,35.1,92.8,96.3,67.8,33,86.9,94.3,79.4,70.5,89.7,91.1,73,62.9,10.53,30,94.3,0.25,1.16
RM,Mk.20 Proto SSR ,50,46,54,1,65,63.4,86.5,87.5,79.8,55.8,95.4,95.3,71.1,50.1,50.3,53.9,45.2,13.2,60.2,65.3,18.6,8.9,77,82.6,76.8,64.7,77.2,79.4,73.9,45.9,9.09,20,94.3,0.6,1.4
RM,AMD65 Actress ,36.5,34,41.9,1,30,69.6,83.1,86.8,80.5,72.1,86.7,87.7,83.9,75.3,75.3,79.3,73.2,56.7,82.5,83.8,79.9,66.9,86.5,87.7,83,80.2,86.5,87.7,83,80.2,10.31,30,98.8,0.4,1.06
RM,ARX160 Jack ,0,0,0,0,0,0,0,0,0,0,0,0,0,0,0,0,0,0,0,0,0,0,0,0,0,0,0,0,0,0,0,0,0,0,0
RM,AK47 Stabileco ,39,35,43,1,30,70.6,85.5,87.6,82.8,57.4,0,0,0,0,75.6,78.2,73.4,37.1,0,0,0,0,95.1,95.4,94.8,90.3,0,0,0,0,10.2,30,93.5,0.3,1.26
RM,M4A1 Carpio ,34,31,37,1,28,64.3,84.8,87.3,81,56,89.7,90.9,75.3,48.3,78.7,80.2,74.2,50.3,88.7,90,70.4,44.1,90.7,90.5,90.1,86.2,90.1,92.1,83,80.8,10.53,30,95,0.3,1.03
RM,M4A1 Ocean Origin ,34,31,37,1,28,64.3,84.8,87.3,81,56,89.7,90.9,75.3,48.6,78.7,80.2,74.2,50.3,88.7,90,70.4,44.1,90.7,90.5,90.1,86.2,90.1,92.1,83,80.8,10.53,30,95,0.3,0
RM,T-91 Taiwan Edition ,35,35,35,1,28,63.4,83.8,83.7,78.2,66.8,88.3,91.5,84.4,67.1,80,80.2,73,47.4,86.2,89.6,82,66,91.5,91.2,86.3,77.5,91.7,93.8,90,86.8,10.42,30,94.3,0,0
RM,M249 Blue Sky ,42,42,42,1,28,64.3,72.4,86.4,68.5,12.5,78.1,88.2,77.4,12.5,62.1,72.2,55.5,10.7,68,82.6,65.7,11.2,88,92.8,83.5,63,90.8,94.4,87.4,49.3,9.52,50,85.4,1.25,1.5
RM,QBZ97 Panda ,35,32,38,1,28,69.6,78.5,83.3,73.6,63.6,78.9,80.6,69.2,65.9,75.9,81,70.5,60.5,78.8,80.5,68.5,65.1,91.2,93.2,89.2,81.8,88.6,90,79.2,76.9,10.64,32,94.3,0.7,1.33
RM,M4A1 BaldEagle ,34,31,37,1,28,69.6,87.4,91.2,86.5,57.7,89.7,90.9,75.3,48.6,80.8,84,80,47.5,88.7,90,70.4,44.1,94.6,94.5,94.2,91.9,90.1,92.1,83.3,80.8,10.53,32,95,0.2,1.03
RM,Type89 Pheasant ,35,32,38,1,28,63.4,83.5,83.4,77.7,64.6,88.3,91.5,84.4,67.1,79.7,80,72.6,46.3,85.4,88.9,81.2,65.6,91.5,91.2,86.3,77.5,91.7,95,90,90.4,10.53,32,93.5,0.45,1.23
RM,T65K2 Neofelis ,0,0,0,3,0,0,0,0,0,0,0,0,0,0,0,0,0,0,0,0,0,0,0,0,0,0,0,0,0,0,0,0,0,0,0
RM,SAKO RK.95 Blackbeard ,46,42,50,1,30,68.7,86.7,88.6,76.5,49.7,0,0,0,0,81.5,83.4,67.1,38.5,0,0,0,0,74.3,77.3,72.5,61.2,0,0,0,0,10,35,93.5,0.35,1.36
RM,AK47 Assault King ,0,0,0,1,0,0,0,0,0,0,0,0,0,0,0,0,0,0,0,0,0,0,0,0,0,0,0,0,0,0,0,0,0,0,0
RM,B.Bee Zwei ,35,32,38,1,28,62.5,88.4,89.7,80.6,53.8,89.7,90.9,75.3,48.6,84,85.4,69.1,42.9,88.7,90,70.4,44.1,86.1,89.9,85.2,80.8,75.6,75.6,65.6,40.2,10.53,30,95,0.5,1.03
RM,FAMAS F1 FireFox ,35,32,38,1,28,56.9,87.9,89.3,81.3,64.3,85.6,86.7,74,47.5,84,86.1,76.4,56.6,84.5,85.9,71.4,44.7,81,81,77.6,72.1,84.9,87.4,71.8,63.7,13.33,30,94.3,0.7,1.33
RM,AK-47 Hawkeye ,43,39,47,1,30,61.7,89.2,92.6,78.6,57.5,92.1,94.8,66,42.3,79,82.9,61.6,38.3,87.6,91.9,55.3,32.3,79.8,85.9,78.1,54.7,72.5,77.2,61.5,35,9.09,30,93.5,0.4,1.36
RM,AN-94 Sidewinder ,37,34,40,1,0,65.1,95.2,0,0,0,0,0,0,0,85.1,0,0,0,0,0,0,0,88.9,0,0,0,0,0,0,0,9.09,30,92.4,0,0
RM,G3A3 Nero ,45,41,49,1,0,63.4,94.7,0,0,0,0,0,0,0,69,0,0,0,0,0,0,0,71.3,0,0,0,0,0,0,0,9.09,20,94.3,0,0
RM,M16A2 Burst ,36.2,32,38,3,28,65.1,86.9,89.2,81.2,58.1,89,89.8,70.3,51.6,80.3,84.9,73.4,46.9,87.1,88.2,64.6,45.2,84.9,93.3,82.5,59.4,79.7,82.6,70.7,47.2,14.49,30,94.3,1.6,1.16
RM,Type64 ,43,39,47,1,65,66.9,87,0,0,0,0,0,0,0,70.2,0,0,0,0,0,0,0,76,0,0,0,0,0,0,0,8.33,20,93.5,0,0
RM,K2 Rail Wild Howling ,40,37,43,1,28,63.4,88.7,89.6,84.9,61,91.1,90.9,81.1,54.4,82.7,84.3,77.3,48.7,89.3,89.2,76.3,47.3,92.7,92.8,90.2,87.7,91.4,91.9,83.9,81.4,10,30,93.5,0.8,1.16
RM,TAR Tiamat ,35,35,35,1,28,68.7,85.1,86.3,81.4,56.3,87.8,88.5,73.9,47,74.9,77,68.4,42.2,84.5,85.5,66.6,39.6,88.3,91.7,84.6,74.1,80.7,86.5,72.4,49.9,10.42,30,95,0,0
RM,RX4 Raffin ,38.1,37,39,1,28,63.4,94.9,100,93.2,42.6,98.2,99.1,79.2,45.2,78.1,90.9,78.8,19.6,91.6,95.7,66.7,33,87.6,90.5,80.9,68.5,89.5,92.7,85.2,75.4,9.43,30,92.4,0.32,1.16
RM,CZ 805 BREN A1 ,37.5,36,39,1,0,66.9,90.4,0,0,0,0,0,0,0,77.8,0,0,0,0,0,0,0,87.1,0,0,0,0,0,0,0,10,30,94.3,0,0
RM,K2 虎 ,36,33,39,3,28,66.9,88.7,89.6,84.9,61,88.7,89.6,84.8,60.8,82.7,84.3,77.3,48.7,72.4,75.1,65.2,34.4,91.2,92.1,88.2,95.2,90.7,91.3,90.7,79.6,10,30,93.5,0.4,1.16
RM,XCR Kraken ,37,36,38,1,65,66.9,87.5,88.5,85.1,58.1,87.5,88.5,75.6,58.1,81.6,83.3,78.7,46.9,81.6,83.3,56.1,46.9,82.9,86.3,84.2,71,76.8,79.2,80.4,51.9,9.52,30,96.2,0.55,1.2
RM,BumBlueBee ,35,32,38,1,28,62.5,88.4,89.7,80.6,53.8,89.7,90.9,75.3,48.6,84,85.4,69.1,42.9,88.7,90,70.4,44.1,86.1,89.9,85.2,80.8,75.6,75.6,65.6,40.2,10.53,30,95,0.5,1.03
RM,F2000 Scandium ,35,32,38,1,28,69.6,85.8,85.3,85.8,48.7,884.2,84.9,82.8,73.3,82.9,84,82.9,67,83.4,84.3,81.1,71.5,90.1,89.6,90.1,85.1,90.1,92.1,82.3,80.7,10,30,94.3,0.5,1.2
RM,AK47 CQB Ao ,44,40,48,1,0,61.7,89.9,0,0,0,0,0,0,0,79.2,0,0,0,0,0,0,0,80.6,0,0,0,0,0,0,0,8.85,30,91.6,0.3,1.36
SR,M24 ,107,107,107,1,65,76.5,17.5,17.7,16.8,13.1,87.8,90,77.3,41.7,0,0,0,0,0,0,0,0,69.9,76,59.9,59.9,69.9,76,59.9,59.9,1.3,5,96.7,0.5,0
SR,SV98 ,105,101,109,1,68,87.5,24.7,42.2,19.3,15.9,88.7,90.8,78.7,43.8,0,0,0,0,0,0,0,0,69.9,76,59.9,59.9,69.9,76,59.9,59.9,1.03,10,94.2,0.7,0
SR,TPG1 ,111,107,115,1,70,97.9,24.7,42.2,19.3,15.9,88.8,90.9,21.2,11.8,0,0,0,0,0,0,0,0,69.9,76,54.9,54.9,69.9,76,54.9,54.9,0.83,5,93,1.4,0
SR,AWM ,112,112,112,1,65,89.9,17.7,17.7,17.2,12.5,90,90.5,81.7,37.3,0,0,0,0,0,0,0,0,69.9,76,54.9,54.9,69.9,76,54.9,54.9,0.91,5,96.7,0,0
SR,DSR-1 ,122,118,126,1,65,76.5,24.7,42.2,19.3,15.9,86.8,89.2,75.5,39.6,0,0,0,0,0,0,0,0,70,76,59.9,59.9,70,76,59.9,59.9,1.3,5,97.5,0.5,0
SR,PGM.338 ,101,97,105,1,70,98.1,17.6,17.7,9,6,88.8,90.9,21.2,11.8,0,0,0,0,0,0,0,0,70,76,54.9,54.9,71.4,77.2,57.2,57.2,0.88,5,91.8,1.2,0
SR,Blaser R93 ,115,111,119,1,68,88.7,24.7,42.2,19.3,15.9,91.4,93.4,83.1,43.8,0,0,0,0,0,0,0,0,72,76,71.9,71.9,79,83.2,71.9,71.9,0.94,5,95.5,0.7,0
SR,ASW338 ,119.5,115,130,1,70,94.8,24.7,42.2,19.3,15.9,88.8,90.9,26.2,11.8,0,0,0,0,0,0,0,0,69.9,76,59.9,59.9,69.9,76,59.9,59.9,0.91,5,87,0.6,0
SR,M40A5 ,125,121,129,1,70,87.5,24.7,42.2,19.3,15.9,90.3,92.4,84.6,39.8,0,0,0,0,0,0,0,0,70,76,54.9,54.9,69.9,76,54.9,54.9,1.11,5,95.5,1,0
SR,SV98 bis ,110,106,114,1,68,87.5,24.7,42.2,19.3,15.9,88.7,90.8,78.7,43.8,0,0,0,0,0,0,0,0,69.9,76,59.9,59.9,69.9,76,59.9,59.9,1.03,10,97.5,0.7,0
SR,FN PSR Ballista ,111,107,115,1,70,97.4,24.7,42.2,19.3,15.9,88.8,90.9,21.2,11.8,0,0,0,0,0,0,0,0,69.9,76,54.9,54.9,69.9,76,54.9,54.9,0.91,5,93.8,1.2,0
SR,XM-2010 ,119.5,115,130,1,70,89.9,24.7,42.2,19.3,15.9,88.8,90.9,21.2,11.8,0,0,0,0,0,0,0,0,69.9,76,59.9,59.9,69.9,76,59.9,59.9,0.91,5,97.5,0.6,0
SR,GalilSniper ,72,68,76,1,65,76.5,21.1,27,17.1,14.3,87.2,91.2,61.9,17.8,72.7,100,40,27.6,81.6,85.6,54,15.6,44.6,53.2,25.5,25.5,44.6,53.2,25.5,25.5,2.39,20,94.2,0.9,1.43
SR,MSG90A1 ,84,80,88,1,65,89.9,21.1,27.7,17.1,14.3,88.1,90.3,48.7,19.8,72.7,100,40,27.6,83.3,86.2,32.9,17.5,31.1,44.9,0,0,31.1,44.9,0,0,1.89,5,92.6,1.2,1.33
SR,Dragunov SVD ,105,101,109,1,68,78.6,21.1,27.7,17.1,14.3,87.7,87.7,81.6,47,72.7,100,40,27.6,85.9,85.9,77.5,42.1,13.2,35.6,0,0,13.2,35.6,0,0,2.08,10,94.2,0.6,1.03
SR,VSS ,59,59,59,1,60,66.9,21.1,27.7,17.1,14.3,85.6,88.9,79.5,48.5,72.7,100,40,27.6,83.7,87,75.9,43,73.3,84.3,71,59.9,73.3,84.3,71,59.9,4,10,97.5,0,0
SR,Knights SR25 ,97,93,101,1,65,89.9,21.1,27.7,17.1,14.3,87.1,87.8,70.5,50.3,72.7,99,40,27.6,85.1,85,66.7,44.3,47,59.5,28.9,28.9,47,59.5,28.9,28.9,2,20,92.6,1,1
SR,IMI99SR ,92,92,92,1,65,82.9,21.1,27.7,17.1,14.3,87.2,91.2,61.9,17.8,72.7,100,40,27.6,81.6,85.6,54,15.6,44.6,53.2,25.5,25.5,44.6,53.2,25.5,25.5,2.27,25,94.2,0,0
SR,Walther Wa-2000 ,101,101,101,1,65,80.7,21.1,27.7,17.1,14.3,87.1,87.8,70.5,50.3,72.7,100,40,27.6,85.1,86,66.7,44.3,49.9,61.8,31.7,31.7,49.9,61.8,31.7,31.7,2.04,6,92.6,0,0
SR,HK417 Sniper ,67,63,71,1,65,97.4,17.7,17.8,16.9,15.4,90.9,92.3,88.1,51.8,85.1,86,66.7,44.3,88,90,84.1,42,52.9,64.1,33.5,33.5,77.9,83.8,74.2,33.5,3.45,10,96.7,0.85,1
SR,MSG90A1 MOD 0 ,86,82,90,1,65,89.9,21.1,27.7,17.1,14.3,90.1,91.8,87,55.5,72.7,100,40,27.6,88.2,90.1,84.5,47.8,36,48.8,6.5,6.5,58.5,66.9,43.3,37.9,1.89,5,92.6,0.9,1
SR,SVDM SE ,105,101,109,1,68,82.9,21.1,27.7,17.1,14.3,87.7,87.7,81.6,47,72.7,100,40,27.6,85.9,85.9,77.5,42.1,22.4,48.6,11,0,22.4,48.6,11,0,2.22,10,94.2,0.6,1.03
SR,OTs-03A ,80,79,82,1,68,85.2,21.1,27.7,17.1,14.3,85.6,88.9,79.5,48.5,72.7,100,40,27.6,83.7,87,75.9,43,21.9,47.2,8.5,0,36.2,47,25.8,0,3.57,10,97.5,1,1
SR,FR-F2 ,122.5,105,140,1,97,85.2,24.7,42.2,19.3,15.9,88.8,90.9,21.2,11.8,0,0,0,0,0,0,0,0,69.9,76,59.9,59.9,69.9,76,59.9,59.9,0.86,5,96.7,0.6,0
SR,KAR98K ,110,106,114,1,65,92.3,24.7,42.2,19.3,15.9,88.7,90.8,78.7,43.8,0,0,0,0,0,0,0,0,75.2,80.2,62.9,62.9,75.2,80.2,67.8,62.9,1.07,5,96.7,0.45,0
SR,Mosin-Nagant ,125,121,129,1,68,96.1,24.7,42.2,19.3,15.9,88.7,90.8,78.7,43.8,0,0,0,0,0,0,0,0,77.7,82.2,66.6,66.6,77.7,82.2,71,66.6,1.03,5,99.5,0.5,0
SR,Silver Arrow ,117,113,121,1,68,92.3,24.7,42.2,19.3,15.9,100,98.9,78.8,43.7,0,0,0,0,0,0,0,0,70,76,65.9,65.9,70,76,65.9,65.9,1.3,10,99.5,0,0
SR,TPG1 EPKO ,126,122,130,1,70,97.4,24.7,42.2,19.3,15.9,92.6,98.5,21.3,11.8,0,0,0,0,0,0,0,0,69.9,76,54.9,54.9,69.9,76,54.9,54.9,0.83,6,93.8,1.6,0
SR,VSS Katana ,77,71.1,90.1,1,60,80.7,21.1,27.7,17.1,14.3,89.1,93,87.3,62.1,72.7,99,40,27.6,86,91.5,84.4,53.4,78.1,86.9,76.2,67.1,85,88.6,84.5,67.1,4,10,98.7,1,0.63
SR,Walther Wa2000 Splendor ,125,121,129,1,65,93.5,21.1,27.7,17.1,14.3,87.1,87.8,70.5,50.3,72.7,100,40,27.6,85.1,86,66.7,44.3,49.9,61.8,31.7,31.7,51.7,63,31.8,31.7,2.04,6,92.6,0.9,1.43
SR,Barrett M82A3 ,200,194,206,1,75,99.7,24.7,42.2,19.3,15.9,32.4,90.9,23.8,13.1,0,0,0,0,0,0,0,0,69.9,76,54.9,54.9,40.5,57.1,23.3,11.6,0.6,5,87.3,0,0
SR,Blaser R93 Wound ,120.7,120.7,120.7,1,68,87.5,24.7,42.2,19.3,15.9,91.4,93.4,83.1,28.4,0,0,0,0,0,0,0,0,72,76,71.9,71.9,79,83.2,71.9,71.9,0.94,5,95.5,0.7,0
SR,Firebird+ ,126,122,130,1,70,97.4,24.7,42.2,19.3,15.9,92.6,98.5,21.3,11.8,0,0,0,0,0,0,0,0,69.9,76,54.9,54.9,69.9,76,54.9,54.9,0.83,8,93.8,1.6,0
SR,M24 Fleur-de-lys ,122,118,126,1,65,89.9,17.5,17.7,16.8,13.1,87.8,90,77.3,41.7,0,0,0,0,0,0,0,69.9,76,59.9,59.9,69.9,76,59.9,59.9,1.3,5,96.7,0,0.5,0
SR,Kar98k Raijin ,122,118,126,1,65,94.8,24.7,42.2,19.3,15.9,88.7,90.8,78.7,43.8,0,0,0,0,0,0,0,0,77.7,82.2,66.6,66.6,77.7,82.2,71,66.6,1.07,5,97.6,0.45,0
SR,DTA SRS ,117.3,115,125.1,1,65,87.5,24.7,42.2,19.3,15.9,91.1,91.3,72.6,39.6,0,0,0,0,0,0,0,0,70,76,59.9,59.9,70,76,59.9,59.9,1.3,5,100,0.5,0
SR,M16 Golgo13 Edition ,90,83,100,1,65,82.9,21.1,27.7,17.1,14.3,89.1,93,87.3,62.1,72.7,100,40,27.6,87,91.5,84.4,53.4,79.1,87.6,77.3,68.7,85.7,89.1,85.3,68.7,3.33,20,97.5,0.75,0.93
SR,IMI99SR Holy gear ,92,88,96,1,65,87.5,21.1,27.7,17.1,14.3,85.6,88.9,79.4,48.5,72.7,100,40,27.6,83.1,86.4,74.6,41.3,49.8,58.3,30.3,30.3,53.4,63.1,42.3,39.6,2.44,25,95.5,0.6,1.43
SR,AWM Snaky ,126,122,130,1,65,89.9,17.7,17.7,17.2,12.5,96.6,97.2,80.8,36.7,0,0,0,0,0,0,0,0,69.9,76,54.9,54.9,70,76,54.9,54.9,1.03,5,0,1,0
SR,Kar98K Jager ,126,126,126,1,65,89.9,17.7,17.7,17.2,12.5,96.6,97.2,80.8,36.7,0,0,0,0,0,0,0,0,69.9,76,54.9,54.9,70,76,54.9,54.9,1.03,5,97.5,0,0
SR,FR-F2 Legend ,122.5,122.5,122.5,1,97,94.8,24.7,42.2,19.3,15.9,91.4,93.6,21.2,11.8,0,0,0,0,0,0,0,0,69.9,76,59.9,59.9,69.9,76,59.9,59.9,0.88,10,96.7,0,0
SR,Galil Chrome ,90,83,100,1,65,87.5,21.1,27.7,17.1,14.3,85.6,88.9,79.5,48.5,72.7,100,40,27.6,83.7,87,75.9,43,54.1,67,34.8,34.8,55.4,64.6,43.2,34.6,3.23,20,94.2,0.55,1.43
SR,PGM.338 Albino ,126,122,130,1,0,98.1,91.6,0,0,0,0,0,0,0,0,0,0,0,0,0,0,0,82.8,0,0,0,0,0,0,0,0.93,5,93.4,0,0
SR,DSR-1 黒蛇 ,127,123,131,1,65,94.8,24.7,42.2,19.3,15.9,86.8,89.2,75.5,39.6,0,0,0,0,0,0,0,0,70,76,59.9,59.9,70,76,59.9,59.9,1.3,8,97.5,0.5,0
SR,Arisaka Sniper Rifle ,136,136,136,1,65,92.3,15.7,15.7,13.7,14.3,87.8,90,77.3,41.7,0,0,0,0,0,0,0,0,90.7,93.3,89.5,81.4,75.2,80.2,67.8,62.9,1.07,5,97.5,0.45,0
SR,SV98 GC Nova Priam ,123.3,123.3,123.3,1,68,92.3,24.7,42.2,19.3,15.9,100,98.9,78.8,43.7,0,0,0,0,0,0,0,0,70,76,65.9,65.9,70,76,65.9,65.9,1.3,13,99.5,0.7,0
SR,Mad Galil ,87,83,91,1,65,87.5,21.1,27.7,17.1,14.3,85.6,88.9,79.5,48.5,72.7,100,40,27.6,83.7,87,75.9,43,49.8,58.3,30.3,30.3,53.3,62.8,36.5,30.6,3.23,20,94.2,0.75,1.43
SR,SVD Zebra ,101,97,105,1,70,85.2,21.1,27.7,17.1,14.3,95.7,100,93.2,75.8,72.7,100,40,27.6,83.8,93.3,79.8,62.2,22.1,46.3,9.2,0,78.2,84.7,69.9,63.4,2.38,10,95.5,1.2,1
SR,MSG Borte Chino ,120,110,130,1,65,87.5,21.1,27.7,17.1,14.3,97,97.2,43.1,15.6,72.7,100,40,27.6,96.8,97,38.6,15.5,34.8,46.9,2.6,2.6,46.8,58.3,0,0,1.45,10,87.3,0.45,1.33
SR,Knut's M110 ,103,99,107,1,65,88,21.1,27.7,17.1,14.3,87.1,87.8,70.5,50.4,72.7,100,40,27.6,85.8,86.6,67.9,46.2,47.8,60.1,30.3,30.3,51.3,66,31,30.3,2,20,91.4,0.6,0.83
SR,L96A1 ,126,122,130,1,70,98.1,24.7,42.2,19.3,15.9,88.8,90.9,21.2,11.8,0,0,0,0,0,0,0,0,69.9,76,59.9,59.9,69.9,76,59.9,59.9,0.91,5,92.6,0.5,0
SR,P226 ,32.5,30,35,1,0,39.2,84.1,85.5,82.8,80,82,83.6,80.6,79.2,0,0,0,0,0,0,0,0,90.2,92.2,86.3,85.3,90.2,92.2,86.3,85.3,7.04,15,92.9,0.35,0.83
SR,Glock21C ,37.5,34,41,1,15,44.7,81.7,83.3,77.7,74.9,85.2,86.5,71.6,68.4,0,0,0,0,0,0,0,0,87.8,90.2,85.3,81.7,87.8,90.2,85.3,81.7,8.26,13,92.9,0.5,0.7
SR,Beretta92FS ,36.5,34,39,1,0,40.2,86.5,87.6,85.3,83.4,89.7,90.7,78.9,76.8,0,0,0,0,0,0,0,0,90.2,92.1,86.2,85.3,90.2,92.1,86.2,85.3,9.09,15,91.9,0.6,0.63
SR,CZ75 ,30.5,28,33,1,0,40.2,83.8,85.7,83,77.8,86.9,88.6,77.6,72.7,0,0,0,0,0,0,0,0,88.7,91,84.2,83.1,88.7,91,84.2,83.1,8.26,16,93.6,0.3,0.6
SR,MK23 Socom ,43.5,40,47,1,15,42.4,84.3,85.7,80.8,78.1,90.5,90.4,80.8,78.2,0,0,0,0,0,0,0,0,88.5,90.8,86.3,82.8,88.5,90.8,86.3,82.8,6.67,12,86.7,0.6,0.83
SR,Skorpion vz.61 ,32.5,30,35,1,0,43.6,65.7,68.1,59.6,56.1,65.7,68.1,59.6,56.1,59.7,62.3,53.3,49.7,59.7,62.3,53.3,49.7,76.2,81,71.5,64.4,76.2,81,71.5,64.4,9.57,10,90.8,0.4,1.06
SR,Stechkin APS ,29.5,27,32,1,0,37.1,75.2,77.1,66.9,66.8,74.9,76.9,69.7,66.6,69.3,71.5,63.2,59.8,69,71.3,63.2,59.8,76.5,81.2,71.8,64.8,67.6,72.8,63.8,59.3,9.62,20,90.8,1,1.23
SR,TMP ,30.5,28,33,1,0,39.2,75.2,77.1,69.9,66.8,74.9,76.9,69.7,66.6,69.3,71.5,63.4,60.1,69,71.3,63.2,59.8,76.5,81.2,71.8,64.8,67.6,72.8,63.8,59.3,10,15,92.9,0.9,1.16
SR,FMG9 ,26,26,26,1,0,45.5,75.2,77.1,69.9,66.8,74.9,76.9,69.7,66.6,69.3,71.5,63.4,60.1,69,71.3,63.2,59.8,76.5,81.2,71.8,64.8,67.5,72.7,63.7,59.1,10,25,91.9,0.7,1.33
SR,Desert Eagle ,67,63,71,1,40,42.4,78,79.8,76.4,68.1,83.2,84.6,81.8,68.1,0,0,0,0,0,0,0,0,59.1,67.3,51,38.7,59.1,67.3,51,38.7,4.17,7,88.4,0.5,0.83
SR,Walther P38 ,82.5,80,85,1,0,15.6,83.8,85.7,83,77.8,86.9,88.6,77.6,72.7,0,0,0,0,0,0,0,0,88.7,91,84.2,83.1,88.7,91,84.2,83.1,8.7,7,93.6,0.3,0.6
SR,Python 357 ,78.5,75,82,1,15,39.2,84.3,85.7,80.8,78.1,90.5,90.4,80.8,78.2,0,0,0,0,0,0,0,0,59.9,67.9,59.9,59.8,68.7,75,60.5,59.8,5.56,6,86.7,0.6,1
SR,FN57 ,30,29,31,1,35,40.2,84.3,85.7,80.8,78.1,90.5,90.4,80.8,78.2,0,0,0,0,0,0,0,0,88.5,90.8,86.3,82.8,88.5,90.8,86.3,82.8,10.2,20,91.9,0.6,0.63
SR,Luger P-08 ,52.5,50,55,1,0,23.2,86.9,90.9,85.4,79.2,86.9,88.6,77.6,72.7,0,0,0,0,0,0,0,0,94.8,94,92.6,81,88.7,91,84.2,82,11.11,7,93.6,0.3,0.53
SR,Beretta M-93R ,32.5,30,35,1,0,41.3,87.3,89.5,81.7,64,76.5,78.4,71.5,68.5,69.7,72.5,65,46.7,67,70.2,61,58.6,75.2,79.7,71.9,64.1,68.6,72.6,66.6,62.2,9.09,20,91.9,0.4,1.16
SR,Colt SAA ,68.5,65,72,1,15,44.7,82.8,82.8,80,69.8,83.2,84.6,81.8,68.1,0,0,0,0,0,0,0,0,82.5,85.5,76.9,71.8,85.3,88.4,79.9,71.9,6.25,6,86.7,1,0.6
SR,Winchester M1887S ,29.1,22,32,6,0,26.4,58.5,58.5,57.4,56.6,57.1,54.8,51.2,47.6,0,0,0,0,0,0,0,0,26,40.1,21.6,0,59.9,67.9,51.8,39.8,1,3,90.1,1.5,1.33
SR,S&W M29 ,92,88,96,1,40,32.6,79.7,80.4,77.9,67.5,81.1,85.3,77.2,75.2,0,0,0,0,0,0,0,0,45.4,56.8,36.2,27.2,45.4,56.8,36.2,27.2,2.5,6,86.7,0.75,0.83
SR,Beretta Nine ,40,36,44,1,40,41.3,70.8,72.8,64.2,42.4,83.2,84.6,81.8,68.1,47.6,46.9,44.6,25.5,63.7,66.1,61.4,52.4,65.3,69.9,54.9,42.8,65.2,70.7,61,55.2,8.55,20,86.7,0.25,0.9
SR,ドミネーター ,0,0,0,1,0,0,0,0,0,0,0,0,0,0,0,0,0,0,0,0,0,0,0,0,0,0,0,0,0,0,0,0,0,0,0
SR,Tuma MTE-224 Va ,28,27,29,1,35,23.2,87.3,89.5,81.7,64.1,76.5,78.4,71.5,68.5,70.2,73.1,66.5,55.2,68,70.2,62,58.6,88.8,91,80.9,75.6,85.7,88.8,82.3,64.4,10.53,16,93.6,0.3,1.16
SR,Tokarev TT-33 ,58.5,55,62,1,15,22,81.7,88.6,80.4,75.9,86.9,88.6,77.6,72.7,0,0,0,0,0,0,0,0,94.8,95.1,92.6,83.1,88.7,91,84.2,83.1,9.09,8,93.6,0.35,0.6
SR,Raging Judge 28 ,21,21,21,8,0,26.4,69.4,69.4,65.3,52.6,75.9,75.9,71.1,60.9,0,0,0,0,0,0,0,0,59.9,67.9,51.8,45.8,59.9,67.9,51.8,45.8,1.67,5,90.1,1,0.7
SR,ヴァッシュの銃 ,64.5,61,68,1,15,39.2,82.8,82.8,80,69.8,83.2,84.6,81.8,68.1,0,0,0,0,0,0,0,0,88.2,89.7,86.7,83.2,85.3,88.4,79.9,71.9,6.67,6,88.4,1,0.6
SR,Mauser C96 MP ,33.5,30,37,1,15,35.2,79.3,81.9,74.7,60.1,0,0,0,0,49.6,54.5,47.8,43.9,0,0,0,0,81.4,85.6,77.1,70.6,0,0,0,0,10,15,91.9,0.3,1.03
SR,SW M500 ,102,102,102,1,40,36.2,60.6,64.1,57.1,53.3,90.5,90.4,80.8,78.2,0,0,0,0,0,0,0,0,37.4,57.6,35.8,27.2,68.7,75,60.5,54.1,2,5,88.4,0.4,1.16
SR,SW1911 ,41.5,38,45,1,15,46,84.3,85.7,80.8,78.1,0,0,0,0,0,0,0,0,0,0,0,0,89.7,91.8,87.6,84.5,0,0,0,0,6.9,8,86.7,0.6,0.93
SR,Ingram MAC ,27.5,25,30,1,0,39.2,61.8,66.4,56,44.7,78.1,81.7,71.8,64,52.4,55.7,48.2,35.5,68.2,74.2,63.3,45.8,81.5,86.6,75.3,68,87.7,90.4,84.9,68.3,11.83,32,92.9,0.4,1.2
SR,Ruger SRH ,86.3,80,90.1,1,40,32.6,79.1,80.8,78.3,67.9,81.1,85.3,77.2,75.2,0,0,0,0,0,0,0,0,37.4,57.6,35.8,27.2,45.4,56.8,36.2,27.2,2.27,6,88.4,0.75,1
SR,HK45 Tactical ,41.5,38,45,1,15,35.2,84.3,85.7,84.3,78.1,90.5,90.4,80.8,78.2,0,0,0,0,0,0,0,0,88.5,90.8,86.3,82.8,90.2,92.1,86.2,85.3,9.09,10,92.9,0,0
SR,Raging Angelo ,21,21,21,8,0,26.4,69.4,69.4,65.3,52.6,75.9,75.9,71.1,60.9,0,0,0,0,0,0,0,0,59.9,67.9,51.8,45.8,59.9,67.9,51.8,45.8,1.67,5,90.5,1,0.7
SR,Dual Barbatos ,36.5,34,39,1,0,41.3,86.5,87.6,85.3,83.4,89.7,90.7,78.9,76.8,0,0,0,0,0,0,0,0,90.2,92.1,86.2,85.3,90.2,92.1,86.2,85.3,8.33,30,88.4,0.75,1
